Participant,Age,Gender,Entropy,CoV,Intensity,Differential Intensity,Xcg,Ycg,Mean_RMS
0,2,12,5.4507,44.763,-1.255,-1.3664,6.9654,3.193,0.055595
0,2,12,5.736,23.787,-1.4484,-1.5793,6.3442,3.1246,0.03561
0,2,12,5.5592,34.752,-1.6834,-1.6253,6.7643,3.1799,0.020732
